Code;Site;Altitude;Individual;Morphotype;Sex;Mass;Elytra_L;Elytra_l;Interocular_distance;Pronotum_L;Pronotum_l;Femur_L;Proteines;Proteines/Mass;Sugars/Mass;Lipids;Lipids/Mass;Body_size_index;Body_size_index_corr
BM011N1;BM;11m;1;N;M;5,342;4,061821;2,511689;1,080019;1,2873267;1,6093924;1,827736;42,96432;0,008042741;0,141393933;587,25;0,109930738;-2,556054255;-2,650356261
BM011N2;BM;11m;2;N;M;3,809;3,644422;2,381432;1,031007;1,117697;1,651198;1,814796;26,66157;0,006999625;0,19056743;429;0,112627986;-3,930735676;-4,060575402
BM011N4;BM;11m;4;N;M;3,4267;3,55677;2,290007;0,999369;1,174772;1,581591;1,662191;16,23814;0,004738711;0,23184477;68,25;0,019917121;-4,555652764;-4,711523916
BM011N5;BM;11m;5;N;M;3,0755;3,450938;2,259056;0,963018;1,103897;1,549997;1,822095;23,00045;0,007478605;0,553341457;57,75;0,018777435;-4,962743439;-5,127344738
BM011N6;BM;11m;6;N;M;3,9393;3,599864;2,395942;1,0632825;1,287143;1,6921765;1,822052;28,10448;0,007134384;0,275507161;228,75;0,058068692;-3,116244118;-3,244497841
BM011N7;BM;11m;7;N;F;2,7974;3,280784;2,141031;0,942982;1,020976;1,507557;1,519624;40,40154;0,014442532;0,28120228;209,25;0,074801601;-6,31209484;-6,507151236
BM011N8;BM;11m;8;N;M;3,3988;3,641046;2,310981;1,0385215;1,146842;1,5892155;1,824638;29,05206;0,00854774;0,239868893;498,75;0,146742968;-4,07740431;-4,227511604
BM011N9;BM;11m;9;N;M;3,9231;3,752721;2,372168;1,0014945;1,1895708;1,5954136;1,737162;29,3105;0,00747126;0,144911701;348;0,088705361;-3,980555865;-4,113657021
BM011N10;BM;11m;10;N;F;4,5131;3,80607;2,467821;1,031677;1,289678;1,702356;1,802784;91,95872;0,020375954;0,209762965;339,75;0,075280849;-2,886806549;-2,994968337
BM011N11;BM;11m;11;N;M;3,9015;3,523552;2,336325;1,074144;1,302945;1,712921;1,862072;36,50352;0,009356278;0,233247958;153;0,039215686;-3,074642366;-3,2205984
BM011N12;BM;11m;12;N;M;5,1623;3,994028;2,517209;1,0612;1,162059;1,74949;1,976783;45,268672;0,00876909;0,153617693;503,25;0,097485617;-2,488935916;-2,582940405
BM011B13;BM;11m;13;B;M;3,9539;3,968334;2,575636;1,062768;1,224305;1,741633;1,829308;31,70099;0,008017651;0,277198788;261,75;0,06620046;-2,466899826;-2,542856101
BM011B14;BM;11m;14;B;F;4,8971;3,9965;2,394051;1,038369;1,212128;1,691927;1,986883;35,362112;0,007221031;0,143303537;969;0,19787221;-2,751375881;-2,881973692
BM011B15;BM;11m;15;B;F;4,1364;3,903365;2,477726;1,067565;1,215069;1,735228;1,752062;72,16714;0,017446848;0,197444214;168;0,040615028;-2,844907062;-2,948997638
BM011B16;BM;11m;16;B;F;3,9404;3,643562;2,446125;1,023655;1,172579;1,759102;1,958472;36,69734;0,0093131;0,145111857;199,5;0,050629378;-3,133813714;-3,248193134
BM011B17;BM;11m;17;B;F;4,0596;3,87095;2,438652;1,048792;1,213496;1,671348;1,91307;25,36941;0,006249239;0,148817008;81,75;0,020137452;-2,959944819;-3,076086286
BM011B18;BM;11m;18;B;F;3,3583;3,845105;2,402846;0,977863;1,197383;1,711017;1,544806;34,56528;0,010292493;0,383708129;271,5;0,080844475;-3,862203748;-3,986373541
BM011B19;BM;11m;19;B;M;4,1467;4,016773;2,445888;0,9879915;1,233526;1,652537;1,960407;12,318592;0,002970698;0,190396935;102,75;0,02477874;-2,943435749;-3,058580925
BM011B20;BM;11m;20;B;M;3,8425;3,788981;2,485198;1,064471;1,2188345;1,7593865;1,892195;72,79168;0,018943833;0,280785947;387,75;0,100910865;-2,677286224;-2,780187196
BM011B21;BM;11m;21;B;F;3,718;3,715966;2,65634;1,1465035;1,3632275;1,8001295;1,880089;44,4503;0,011955433;0,396834403;172,5;0,046395912;-1,565926556;-1,619629776
BM011B22;BM;11m;22;B;M;4,4025;3,661251;2,39186;0,939971;1,2409078;1,7330709;1,9075826;45,699392;0,010380328;0,156549009;1147,5;0,260647359;-3,469549323;-3,600833307
BM011B23;BM;11m;23;B;M;3,1743;3,4278178;2,196887;0,912837;1,125966;1,613503;1,6020356;35,12522;0,011065501;0,219132524;836,25;0,263443909;-5,381367683;-5,563657605
AF130N24;AF;130m;24;N;M;4,0945;4,030924;2,563008;1,047938;1,214912;1,758447;2,057013;51,88022;0,01267071;0,326387649;192,75;0,047075345;-2,098344444;-2,18001599
AF130N25;AF;130m;25;N;M;3,7269;3,887124;2,418666;1,024408;1,231234;1,673301;1,828401;52,63398;0,014122724;0,164367888;153;0,041052886;-3,141019731;-3,262612095
AF130N26;AF;130m;26;N;M;2,0149;4,101691;2,624059;1,1031035;1,397495;1,891767;1,995401;28,59981;0,014194159;0,524736793;43,5;0,021589161;-0,773799852;-0,841429512
AF130N27;AF;130m;27;N;M;4,1921;3,856506;2,593733;1,038166;1,236166;1,74562;2,04252;36,97731;0,008820713;0,275697218;340,5;0,081224207;-2,285888367;-2,358534228
AF130N28;AF;130m;28;N;M;2,6107;4,187711;2,632146;1,094836;1,347698;1,851294;2,143625;35,64208;0,013652308;1,524548814;89,25;0,034186234;-0,74936245;-0,81461953
AF130N29;AF;130m;29;N;M;4,4598;3,984607;2,476589;1,023424;1,1410175;1,6660445;1,936441;47,9176;0,010744338;0,266214887;271,5;0,060877169;-3,100394464;-3,204543218
AF130N30;AF;130m;30;N;F;4,5374;4,135309;2,605647;1,09421;1,2692215;1,8041635;1,988672;17,29341;0,003811304;0,210183042;294,75;0,064960109;-1,504321657;-1,574479744
AF130N31;AF;130m;31;N;F;3,7225;3,834831;2,287844;1,0270395;1,2210475;1,6938875;1,842092;44,10573;0,011848416;0,237768543;230,25;0,061853593;-3,344800796;-3,504796332
AF130N32;AF;130m;32;N;M;4,8218;4,177895;2,646775;1,11775;1,306714;1,839867;2,077348;50,39424;0,010451334;0,148788043;285,75;0,059262101;-0,919999894;-0,979953377
AF130N33;AF;130m;33;N;M;4,7303;4,008878;2,53271;1,1223113;1,2506747;1,8202371;1,977529;41,2199;0,008714014;0,17944761;159;0,03361309;-1,681355891;-1,772226869
AF130N34;AF;130m;34;N;M;3,8457;3,861141;2,35155;1,0283724;1,227764;1,6485;1,9032706;34,62989;0,009004834;0,205566962;1009,5;0,262500975;-3,223465268;-3,365525132
AF130N35;AF;130m;35;N;M;2,5023;3,9072286;2,620563;1,1162822;1,2156914;1,7963473;1,9459924;34,1561;0,013649882;0,319797745;159;0,063541542;-1,931547075;-1,995256433
AF130B36;AF;130m;36;B;M;3,7894;3,7523596;2,5258574;1,055676;1,19549;1,709038;1,853807;44,08419;0,011633554;0,090667021;47,25;0,012468992;-2,982786422;-3,072445588
AF130B37;AF;130m;37;B;F;4,9351;4,065477;2,343472;1,051958;1,35401;1,814306;2,100797;44,64413;0,009046246;0,275384888;108;0,021884055;-1,668091188;-1,818256645
AF130B38;AF;130m;38;B;F;3,7428;4,423223;2,788906;1,152204;1,429902;1,918734;2,245128;36,28816;0,009695458;0,319579531;80,25;0,021441167;0,646784485;0,624616641
AF130B39;AF;130m;39;B;M;4,4523;4,086625;2,533042;1,081426;1,317323;1,767351;2,039474;58,49178;0,01313743;0,338973323;147;0,033016643;-1,589723678;-1,68190744
AF130B40;AF;130m;40;B;M;1,7624;4,013532;2,53299;1,1049225;1,2991795;1,811244;2,031971;26,0801;0,01479806;1,237348906;72;0,040853382;-1,523180292;-1,615125779
AF130B41;AF;130m;41;B;F;2,0803;4,105208;2,638862;1,116165;1,337393;1,867809;2,019072;25,0679;0,012050137;0,550519329;101,25;0,048670865;-0,930124015;-0,992453218
AF130B42;AF;130m;42;B;F;1,5551;3,709724;2,482155;1,0910765;1,187438;1,684044;1,862878;24,91715;0,01602286;0,440012543;89,25;0,057391808;-3,03810116;-3,139768498
AF130B43;AF;130m;43;B;F;4,2995;4,024005;2,679362;1,0956385;1,307525;1,891061;2,08398;53,47389;0,012437235;0,20633869;112,5;0,026165833;-0,982111981;-1,032459749
AF130B44;AF;130m;44;B;M;3,6262;3,941911;2,475408;1,0705155;1,151626;1,7445035;1,927908;33,98381;0,009371742;0,357348268;80,25;0,022130605;-2,702991552;-2,808140691
AF130B45;AF;130m;45;B;M;3,0663;3,941376;2,547836;1,071376;1,234156;1,6595505;2,191414;41,26298;0,013456929;1,321000729;113,25;0,036933764;-2,140020092;-2,226786843
AF130B46;AF;130m;46;B;F;1,6467;3,9583852;2,5707132;1,113068;1,200957;1,759824;1,957988;16,4535;0,009991802;0,60116409;90;0,054654764;-2,098633083;-2,176961686
AF130B47;AF;130m;47;B;F;4,1028;4,007951;2,569247;1,039567;1,276866;1,700235;2,045612;46,3024;0,011285561;0,291136403;387,75;0,094508628;-2,127320212;-2,207778735
MB300N48;MB;300m;48;N;M;4,5051;4,410295;2,742664;1,132491;1,440884;1,822301;2,411414;36,65427;0,008136172;0,129848714;54;0,011986415;0,496338945;0,459598387
MB300N49;MB;300m;49;N;F;3,3746;4,405497;2,75068;1,222287;1,378095;1,902142;2,290145;24,61565;0,00729439;0,233287855;75,75;0,022447105;0,706846387;0,674332768
MB300N50;MB;300m;50;N;F;6,9795;4,552079;2,998322;1,268277;1,36067;2,017457;2,333809;131,8649;0,018893173;0,371084568;694,5;0,099505695;1,798066934;1,836720938
MB300N51;MB;300m;51;N;F;5,8002;4,420864;2,762985;1,1991848;1,458357;1,981497;2,329834;84,37805;0,014547438;0,327851048;60,75;0,010473777;1,215993281;1,184225297
MB300N52;MB;300m;52;N;M;4,8535;4,49713;2,841483;1,215692;1,304869;1,888423;2,40984;49,16669;0,010130151;0,247548724;96;0,019779541;0,825034624;0,819085157
MB300N53;MB;300m;53;N;F;5,1071;4,589418;2,901069;1,22508;1,47706;1,999535;2,45003;53,56003;0,010487367;0,242717769;35,25;0,006902156;2,040668649;2,047955125
MB300N54;MB;300m;54;N;M;5,5051;4,551067;2,812491;1,202387;1,412822;1,841127;2,483905;49,25283;0,008946764;0,388229471;198,75;0,036102886;1,135678124;1,119324527
MB300N55;MB;300m;55;N;F;5,9714;4,652229;3,084536;1,309664;1,416104;2,086623;2,471308;123,9612;0,020759152;0,21351984;426,75;0,071465653;2,829581523;2,89125062
MB300N56;MB;300m;56;N;F;4,5756;4,375786;2,851772;1,172579;1,310282;1,861481;2,379706;95,79213;0,020935425;0,253310163;110,25;0,024095201;0,409059341;0,406478705
MB300N57;MB;300m;57;N;M;6,1655;4,642226;3,013646;1,216888;1,549798;1,956696;2,488397;69,58282;0,011285836;0,25072991;917,25;0,148771389;2,424049756;2,463605596
MB300N58;MB;300m;58;N;F;4,5691;4,463511;2,772492;1,194448;1,393867;1,909063;2,306235;76,08669;0,016652446;0,241408502;72;0,015758027;0,79160989;0,764676539
MB300N59;MB;300m;59;N;F;5,7116;4,623266;3,017037;1,236555;1,453015;2,026207;2,425744;143,4513;0,025115782;0,261567431;636,75;0,111483647;2,263424051;2,305243699
MB300B60;MB;300m;60;B;F;5,7373;4,7156384;2,9281142;1,125331;1,5318886;2,0080753;2,395448;133,6524;0,023295348;0,404792764;102;0,017778398;1,939035348;1,953091744
MB300B61;MB;300m;61;B;F;5,2781;4,5530738;2,880251;1,183149;1,430234;1,948704;2,307422;110,0274;0,020846024;0,312709646;108,75;0,020604005;1,256429441;1,260214844
MB300B62;MB;300m;62;B;M;5,6215;4,588178;2,969299;1,172146;1,4660665;1,967926;2,417522;51,51411;0,009163766;0,141215785;70,5;0,012541137;1,740106078;1,768242027
MB300B63;MB;300m;63;B;F;5,8039;4,384535;2,860136;1,133189;1,426292;1,943735;2,424484;58,9225;0,010152225;0,21808496;486,75;0,083866021;0,973969996;0,97097512
MB300B64;MB;300m;64;B;M;5,3181;4,435478;2,773062;1,201944;1,428253;1,947704;2,43462;49,66202;0,009338301;0,223288606;510;0,095898911;1,223695161;1,195000771
MB300B65;MB;300m;65;B;M;4,2818;4,434569;2,772492;1,133886;1,385771;1,883395;2,275701;38,2264;0,008927647;0,126277705;80,25;0,018742118;0,353041139;0,326205649
MB300B66;MB;300m;66;B;F;4,8354;4,191961;2,710644;1,090847;1,310744;1,866793;2,345191;18,0687;0,003736754;0,155014884;385,5;0,079724532;-0,404119474;-0,447517131
MB300B67;MB;300m;67;B;F;5,2199;4,4853028;2,9547518;1,162053;1,436999;2,011976;2,550109;44,08419;0,008445409;0,157052422;375,75;0,071984138;1,793241792;1,815644433
MB300B68;MB;300m;68;B;M;4,2276;4,320375;2,734008;1,078541;1,409869;1,921182;2,388764;47,09923;0,011140891;0,159225239;267;0,063156401;0,298351741;0,258578353
MB300B69;MB;300m;69;B;M;6,107;4,6902306;2,9505784;1,08757;1,492594;1,985073;2,494169;76,9912;0,012607041;0,528659051;288,75;0,047281808;1,739845859;1,759908505
MB300B70;MB;300m;70;B;F;5,0566;4,601494;2,852372;1,103587;1,422631;1,85478;2,468024;54,9168;0,01086042;0,191412632;60;0,01186568;0,89069105;0,885067458
MB300B71;MB;300m;71;B;M;6,3771;4,52897;2,794236;1,152586;1,44124;1,972879;2,371069;96,6751;0,015159728;0,49725621;357;0,055981559;1,17747729;1,154488256
AI600N72;AI;600m;72;N;M;6,7226;4,4305514;3,0733648;1,27749;1,532349;2,132396;2,642153;65,46944;0,009738708;0,229002156;319,5;0,047526255;3,215890883;3,271035282
AI600N73;AI;600m;73;N;M;6,9935;4,6283;2,986114;1,254838;1,497627;2,025067;2,468536;98,72102;0,014116111;0,161903004;47,25;0,006756274;2,514921356;2,546992072
AI600N74;AI;600m;74;N;F;5,9824;4,543493;3,034157;1,334185;1,408042;2,109795;2,428869;86,94083;0,014532768;0,375262316;108;0,018052955;2,700244679;2,747674657
AI600N75;AI;600m;75;N;M;4,7627;4,458853;2,794462;1,205654;1,410061;1,964695;2,481815;62,90666;0,013208193;0,18025953;80,25;0,016849686;1,36201404;1,338841282
AI600N76;AI;600m;76;N;M;5,7621;4,53129;2,759866;1,146406;1,4153;1,978933;2,369624;72,61939;0,012602938;0,127296051;147;0,025511532;1,028623868;0,995856729
AI600N77;AI;600m;77;N;M;6,9521;4,7050322;3,0448066;1,219456;1,5319865;2,0721965;2,609283;76,96966;0,011071426;0,234686308;72;0,010356583;3,024608337;3,070863581
AI600N78;AI;600m;78;N;F;6,0174;4,478044;3,004841;1,149936;1,4980669;2,1096196;2,433203;96,3736;0,016015821;0,392248767;101,25;0,016826204;2,119479723;2,156196854
AI600N79;AI;600m;79;N;F;5,0321;4,565483;2,932699;1,254061;1,485807;2,036841;2,374599;90,23584;0,017932044;0,273228348;89,25;0,017736134;2,202034085;2,219087022
AI600N80;AI;600m;80;N;M;5,5933;4,392277;2,903093;1,285305;1,462721;2,006792;2,453285;39,58317;0,00707689;0,176654764;112,5;0,02011335;2,040338905;2,049455041
AI600N81;AI;600m;81;N;F;6,9718;4,68284;2,975706;1,281175;1,571718;1,981374;2,471479;196,6883;0,028211983;0,228084688;80,25;0,011510657;2,803905308;2,831985632
AI600N82;AI;600m;82;N;M;6,0815;4,679048;2,87254;1,337019;1,489631;2,117732;2,49438;59,41782;0,009770257;0,094700049;113,25;0,01862205;3,0301733;3,028070702
AI600N83;AI;600m;83;N;M;6,3492;4,631002;2,93982;1,190268;1,43905;1,973336;2,444305;37,3865;0,00588838;0,211974623;90;0,014175014;1,787819491;1,807005897
AI600N84;AI;600m;84;N;M;6,1472;4,522149;2,881402;1,254061;1,484845;2,105355;2,525951;36,65427;0,005962759;0,127095229;387,75;0,063077499;2,508436536;2,50831843
AI600N85;AI;600m;85;N;F;5,0938;4,673979;2,895844;1,310101;1,478392;2,021438;2,42292;81,2984;0,015960265;0,235547116;94,5;0,018551965;2,514459937;2,520721961
AI600N86;AI;600m;86;N;M;5,3047;4,659922;2,932133;1,205029;1,421274;1,936404;2,505758;23,96957;0,004518553;0,174500224;175,5;0,033083869;1,800136592;1,817412793
AI600N87;AI;600m;87;N;F;6,1179;4,6885;3,055514;1,274745;1,487839;2,086712;2,488227;59,00864;0,009645244;0,512936772;147,75;0,024150444;2,953245237;3,005219836
AI600N88;AI;600m;88;N;F;5,1505;4,579721;2,881402;1,212389;1,459959;2,014965;2,326927;68,89366;0,013376111;0,417157738;123;0,023881177;1,738708693;1,741132306
AI600N89;AI;600m;89;N;M;4,9427;4,464355;2,823407;1,180403;1,386398;1,934461;2,315319;45,07485;0,009119479;0,139439377;159;0,032168653;0,874795319;0,86239033
AI600N90;AI;600m;90;N;M;4,8;4,225222;2,824013;1,258965;1,408055;1,916814;2,353397;62,7559;0,013074146;0,572193557;184,5;0,0384375;1,004631117;0,993163002
AI600N91;AI;600m;91;N;F;5,2112;4,637833;3,107742;1,314496;1,596903;2,122964;2,02739;87,65152;0,016819834;0,471983381;131,25;0,025186138;2,891482278;2,960841197
AI600N92;AI;600m;92;N;M;6,2078;4,594288;2,997478;1,219304;1,52777;1,955972;2,577425;58,81482;0,009474342;0,335855424;263,25;0,042406328;2,416138482;2,450447087
AI600N93;AI;600m;93;N;M;5,3945;4,442734;2,874291;1,273918;1,425167;2,032194;2,424126;40,72458;0,007549278;0,157123951;231,75;0,042960423;1,908420313;1,909294467
AI600N94;AI;600m;94;N;M;6,1463;4,603691;3,005577;1,283044;1,455216;2,08925;2,534778;28,38445;0,004618136;0,134386105;222;0,036119291;2,781407929;2,818590353
AI600N95;AI;600m;95;N;M;5,1207;4,4671924;2,7762504;1,152415;1,408042;1,8077;2,392554;27,47994;0,005366442;0,230689506;215,25;0,042035269;0,513638663;0,487734883
AI600N96;AI;600m;96;N;F;3,8089;4,625021;2,990749;1,265366;1,435624;1,989178;2,332455;25,86474;0,006790606;0,15942325;104,25;0,027370107;2,031313392;2,066947111
AI600N97;AI;600m;97;N;M;4,6294;4,344224;2,870477;1,245595;1,46977;1,945194;2,325376;35,06061;0,007573467;0,158664724;82,5;0,017820884;1,409675611;1,410537366
AI600B98;AI;600m;98;B;M;5,5835;4,492589;2,903419;1,226278;1,538913;2,006763;2,400368;48,30525;0,008651428;0,329471094;953,25;0,170726247;2,088821938;2,096492495
AI600B99;AI;600m;99;B;M;7,4535;4,724984;2,946639;1,255635;1,495251;2,007947;2,541958;109,2306;0,014654941;0,168575062;231,75;0,031092775;2,630047488;2,649611661
AI600B100;AI;600m;100;B;M;5,6992;4,689759;3,055643;1,25198;1,531657;2,010963;2,513534;54,57222;0,009575418;0,150639048;109,5;0,019213223;2,82815546;2,879334998
AI600B101;AI;600m;101;B;F;4,7243;4,699543;3,034435;1,275406;1,55424;2,008498;2,348333;111,255;0,023549521;0,290027061;48,75;0,010318989;2,714193603;2,7609302
AI600B102;AI;600m;102;B;F;6,6113;4,516829;2,950337;1,246815;1,5072425;2,087131;2,504002;171,4912;0,025939104;0,29305009;742,5;0,112307716;2,565028809;2,585862994
AI600B103;AI;600m;103;B;F;4,2545;4,61594;2,90332;1,252989;1,460987;2,014021;2,387794;133,0925;0,031282759;0,306512038;113,25;0,026618874;2,081597345;2,090381608
AI600B104;AI;600m;104;B;M;5,2003;4,674255;2,90332;1,252043;1,448572;1,977852;2,494042;123,1213;0,023675807;0,155386634;381;0,073265004;2,166048189;2,174262268
AI600B105;AI;600m;105;B;M;4,8742;4,507075;2,924947;1,299382;1,437691;2,042523;2,498442;119,0725;0,024429137;0,188222101;183,75;0,037698494;2,358649683;2,373576753
AI600B106;AI;600m;106;B;M;5,399;4,633987;3,064697;1,250154;1,437072;2,003532;2,492458;87,00544;0,016115103;0,349008961;105,75;0,019586961;2,390595978;2,446208977
AI600B107;AI;600m;107;B;F;6,7029;4,544175;2,808752;1,082851;1,382674;1,93057;2,3113;102,9636;0,015361053;0,278904484;73,5;0,010965403;0,507999039;0,490128544
AI600B108;AI;600m;108;B;M;5,4061;4,246077;2,72938;1,208761;1,464579;1,833184;2,41114;110,5874;0,02045604;0,214967476;122,25;0,022613344;0,713886531;0,67365236
AI600B109;AI;600m;109;B;M;6,2342;4,492589;2,290221;1,277778;1,499161;1,979812;2,555752;130,2282;0,02088932;0,404214134;175,5;0,028151166;1,398829222;1,22522145
AI600B110;AI;600m;110;B;M;5,7931;4,581704;3,027527;1,226643;1,466605;2,006766;2,433592;161,6492;0,027903748;0,474956859;117;0,020196441;2,19051834;2,235624015
AI600B111;AI;600m;111;B;F;5,1183;4,19987;2,6041;1,191352;1,332328;1,916622;2,221957;132,6833;0,025923314;0,246090287;88,5;0,017290897;-0,110873434;-0,185387324
AI600B112;AI;600m;112;B;F;5,7622;4,862875;3,027031;1,328165;1,542477;2,119509;2,416999;136,8182;0,023744091;0,2918357;76,5;0,013276179;3,510378805;3,552597418
AI600B113;AI;600m;113;B;F;5,9264;4,672864;2,977661;1,244706;1,455288;1,95608;2,426906;124,0689;0,020934952;0,398132731;236,25;0,039863998;2,100687368;2,131379922
AI600B114;AI;600m;114;B;M;6,6456;4,579836;2,881402;1,307117;1,508496;2,006973;2,432423;158,0096;0,023776574;0,202024439;256,5;0,038596966;2,444140185;2,445971646
AI600B115;AI;600m;115;B;F;4,9712;4,669452;2,888723;1,239697;1,47386;1,962465;2,394678;127,1916;0,025585694;0,313245117;486,75;0,097913985;1,97122357;1,975425523
AI600B116;AI;600m;116;B;M;3,8813;4,193368;2,645411;1,170285;1,383403;1,891322;2,287579;96,99814;0,024991147;0,336355685;263,25;0,067825213;0,059994311;-0,003336851
AI600B117;AI;600m;117;B;M;5,2944;4,609945;2,874099;1,212698;1,428838;1,95682;2,498284;103,9543;0,019634765;0,363996504;308,25;0,058221895;1,758154507;1,758381506
MA900N118;MA;900m;118;N;M;4,1286;3,906609;2,649112;1,103271;1,35006;1,770901;2,165542;85,51946;0,020713913;0,430607964;234,75;0,056859468;-1,212535533;-1,271552041
MA900N119;MA;900m;119;N;F;4,7935;4,273473;2,737012;1,150923;1,45461;1,828145;2,37008;81,01843;0,016901727;0,325759819;138;0,028788985;0,401581201;0,364170705
MA900N120;MA;900m;120;N;M;5,2116;4,500502;2,852436;1,202141;1,430551;1,945644;2,454487;46,34547;0,008892753;0,189158285;107,25;0,020579093;1,455570353;1,450118997
MA900N121;MA;900m;121;N;F;4,2739;4,355129;2,816084;1,123015;1,281118;1,862036;2,249768;49,18822;0,011508978;0,178946967;83,25;0,019478696;-0,180837234;-0,192260954
MA900N122;MA;900m;122;N;M;5,9057;4,747805;2,939525;1,288498;1,458917;2,014181;2,494169;47,0777;0,00797157;0,219034241;132,75;0,022478284;2,602790413;2,621149968
MA900N123;MA;900m;123;N;M;5,2742;4,4516;2,744383;1,143099;1,426371;1,87984;2,391838;29,3751;0,005569584;0,195544113;83,25;0,015784384;0,67994795;0,64355734
MA900N124;MA;900m;124;N;F;4,0069;4,443653;2,795819;1,174615;1,466134;1,916165;2,319865;72,61939;0,018123584;0,300777499;411;0,102573061;1,009635642;0,988260942
MA900N125;MA;900m;125;N;M;3,9377;4,108107;2,628742;1,172803;1,264929;1,861962;2,230782;68,52755;0,017402938;0,58330398;63;0,015999187;-0,635630823;-0,701012938
MA900N126;MA;900m;126;N;M;5,2244;4,383886;2,721688;1,207671;1,359334;1,870275;2,122466;83,81811;0,016043586;0,264827254;124,5;0,023830488;0,154311513;0,115006007
MA900N127;MA;900m;127;N;M;5,1911;4,211511;2,852436;1,165228;1,433486;1,948958;2,304544;94,7584;0,018254012;0,2305766;174,75;0,033663385;0,742556953;0,738902943
MA900N128;MA;900m;128;N;M;5,6788;4,279632;2,702372;1,194977;1,393957;1,854407;2,340008;61,6791;0,010861291;0,231957129;162,75;0,028659224;0,363330499;0,316353274
MA900N129;MA;900m;129;N;F;6,1607;4,412993;2,78712;1,169936;1,332886;1,801264;2,352938;142,7837;0,023176538;0,448355464;119,25;0,019356567;0,20170571;0,180810314
MA900N130;MA;900m;130;N;F;4,9815;4,362038;2,808827;1,125258;1,437036;1,905376;2,205789;85,99325;0,017262521;0,206248149;189;0,037940379;0,415462239;0,399321439
MA900B131;MA;900m;131;B;M;4,2111;4,260907;2,656489;1,191297;1,397184;1,881017;2,269536;60,77459;0,014431999;0,170169853;101,25;0,024043599;0,233151451;0,173161751
MA900B132;MA;900m;132;B;M;4,7931;4,379324;2,758712;1,132229;1,451619;1,905168;2,279344;27,50147;0,005737721;0,206576722;414;0,086374163;0,5534989;0,521978921
MA900B133;MA;900m;133;B;M;4,2401;3,696548;2,461916;1,152003;1,386398;1,84715;2,277275;27,91066;0,006582548;0,25236737;81;0,019103323;-1,019326732;-1,134894108
MA900B134;MA;900m;134;B;M;4,5665;4,115294;2,576685;1,004643;1,211171;1,656822;2,213799;42,66282;0,009342564;0,355755914;216,75;0,047465236;-2,221535178;-2,300156684
MA900B135;MA;900m;135;B;M;5,6996;4,499846;2,759093;1,114913;1,416169;1,803678;2,345865;15,6136;0,00273942;0,237398863;1293;0,226858025;0,311425228;0,280252094
MA900B136;MA;900m;136;B;M;5,9172;4,6464;2,845957;1,1786;1,445455;1,945289;2,451545;48,02528;0,008116217;0,364950963;617,25;0,104314541;1,565068557;1,556545826
MA900B137;MA;900m;137;B;M;4,2509;4,202283;2,642811;1,104702;1,317598;1,716642;2,290732;58,42717;0,013744659;0,233458482;373,5;0,087863747;-0,938984215;-1,000469805
MA900B138;MA;900m;138;B;F;4,7544;4,289817;2,772492;1,132259;1,248968;1,905158;2,297952;70,40118;0,014807585;0,33892325;76,5;0,016090358;-0,192828104;-0,217953782
MA900B139;MA;900m;139;B;F;3,8282;4,107979;2,729148;1,103199;1,3463535;1,847221;2,199284;70,31504;0,018367651;0,264778365;84;0,021942427;-0,588834558;-0,625868571